{"cameraMode":{"drawMode":0,"name":"Shaded","section":"Shading Mode"},"sceneLighting":true,"audioPlay":false,"sceneViewState":{"m_AlwaysRefresh":false,"showFog":true,"showSkybox":true,"showFlares":true,"showImageEffects":true,"showParticleSystems":true,"showVisualEffectGraphs":true,"m_FxEnabled":true},"in2DMode":false,"pivot":{"x":114.362060546875,"y":2.75417423248291,"z":11.00511646270752},"rotation":{"x":0.013185160234570504,"y":0.29773807525634768,"z":-0.0041069104336202148,"w":0.954614520072937},"size":2.7665019035339357,"orthographic":false}